{
    "sys": {
        "type": "Array"
    },
    "total": 10,
    "skip": 0,
    "limit": 100,
    "items": [
        {
            "sys": {
                "space": {
                    "sys": {
                        "type": "Link",
                        "linkType": "Space",
                        "id": "f4765t1go9nr"
                    }
                },
                "id": "lessonCopy",
                "type": "ContentType",
                "createdAt": "2021-04-20T07:53:10.726Z",
                "updatedAt": "2021-04-20T07:53:24.513Z",
                "environment": {
                    "sys": {
                        "id": "master",
                        "type": "Link",
                        "linkType": "Environment"
                    }
                },
                "publishedVersion": 1,
                "publishedAt": "2021-04-20T07:53:24.513Z",
                "firstPublishedAt": "2021-04-20T07:53:24.513Z",
                "createdBy": {
                    "sys": {
                        "type": "Link",
                        "linkType": "User",
                        "id": "3lypMkmZdY6ZUbBTZMoXkS"
                    }
                },
                "updatedBy": {
                    "sys": {
                        "type": "Link",
                        "linkType": "User",
                        "id": "3lypMkmZdY6ZUbBTZMoXkS"
                    }
                },
                "publishedCounter": 1,
                "version": 2,
                "publishedBy": {
                    "sys": {
                        "type": "Link",
                        "linkType": "User",
                        "id": "3lypMkmZdY6ZUbBTZMoXkS"
                    }
                }
            },
            "displayField": "title",
            "name": "Lesson > Copy",
            "description": "A markdown module to be used in a lesson.",
            "fields": [
                {
                    "id": "title",
                    "name": "Title",
                    "type": "Symbol",
                    "localized": false,
                    "required": true,
                    "validations": [
                        {
                            "regexp": {
                                "pattern": ".+>.+",
                                "flags": null
                            },
                            "message": "Use the title format \"Topic name > keyword description\"."
                        }
                    ],
                    "disabled": false,
                    "omitted": false
                },
                {
                    "id": "copy",
                    "name": "Copy",
                    "type": "Text",
                    "localized": true,
                    "required": true,
                    "validations": [],
                    "disabled": false,
                    "omitted": false
                }
            ]
        },
        {
            "sys": {
                "space": {
                    "sys": {
                        "type": "Link",
                        "linkType": "Space",
                        "id": "f4765t1go9nr"
                    }
                },
                "id": "layout",
                "type": "ContentType",
                "createdAt": "2021-04-20T07:53:11.512Z",
                "updatedAt": "2021-04-20T07:53:18.556Z",
                "environment": {
                    "sys": {
                        "id": "master",
                        "type": "Link",
                        "linkType": "Environment"
                    }
                },
                "publishedVersion": 1,
                "publishedAt": "2021-04-20T07:53:18.556Z",
                "firstPublishedAt": "2021-04-20T07:53:18.556Z",
                "createdBy": {
                    "sys": {
                        "type": "Link",
                        "linkType": "User",
                        "id": "3lypMkmZdY6ZUbBTZMoXkS"
                    }
                },
                "updatedBy": {
                    "sys": {
                        "type": "Link",
                        "linkType": "User",
                        "id": "3lypMkmZdY6ZUbBTZMoXkS"
                    }
                },
                "publishedCounter": 1,
                "version": 2,
                "publishedBy": {
                    "sys": {
                        "type": "Link",
                        "linkType": "User",
                        "id": "3lypMkmZdY6ZUbBTZMoXkS"
                    }
                }
            },
            "displayField": "title",
            "name": "Layout",
            "description": "A page consisting of freely configurable and rearrangeable content modules.",
            "fields": [
                {
                    "id": "title",
                    "name": "Title",
                    "type": "Symbol",
                    "localized": false,
                    "required": true,
                    "validations": [],
                    "disabled": false,
                    "omitted": false
                },
                {
                    "id": "slug",
                    "name": "Slug",
                    "type": "Symbol",
                    "localized": false,
                    "required": true,
                    "validations": [
                        {
                            "unique": true
                        }
                    ],
                    "disabled": false,
                    "omitted": false
                },
                {
                    "id": "contentModules",
                    "name": "Content Modules",
                    "type": "Array",
                    "localized": false,
                    "required": true,
                    "validations": [],
                    "disabled": false,
                    "omitted": false,
                    "items": {
                        "type": "Link",
                        "validations": [
                            {
                                "linkContentType": [
                                    "layoutCopy",
                                    "layoutHeroImage",
                                    "layoutHighlightedCourse"
                                ]
                            }
                        ],
                        "linkType": "Entry"
                    }
                },
                {
                    "id": "content",
                    "name": "Content",
                    "type": "Link",
                    "localized": false,
                    "required": true,
                    "validations": [
                      {
                        "linkContentType": [
                          "page_landing",
                          "page_help_center_article",
                          "pageArticle",
                          "pageCampaignPage"
                        ]
                      }
                    ],
                    "disabled": false,
                    "omitted": false,
                    "linkType": "Entry"
                  }
            ]
        },
        {
            "sys": {
                "space": {
                    "sys": {
                        "type": "Link",
                        "linkType": "Space",
                        "id": "f4765t1go9nr"
                    }
                },
                "id": "layoutHighlightedCourse",
                "type": "ContentType",
                "createdAt": "2021-04-20T07:53:16.087Z",
                "updatedAt": "2021-04-20T07:53:18.437Z",
                "environment": {
                    "sys": {
                        "id": "master",
                        "type": "Link",
                        "linkType": "Environment"
                    }
                },
                "publishedVersion": 1,
                "publishedAt": "2021-04-20T07:53:18.437Z",
                "firstPublishedAt": "2021-04-20T07:53:18.437Z",
                "createdBy": {
                    "sys": {
                        "type": "Link",
                        "linkType": "User",
                        "id": "3lypMkmZdY6ZUbBTZMoXkS"
                    }
                },
                "updatedBy": {
                    "sys": {
                        "type": "Link",
                        "linkType": "User",
                        "id": "3lypMkmZdY6ZUbBTZMoXkS"
                    }
                },
                "publishedCounter": 1,
                "version": 2,
                "publishedBy": {
                    "sys": {
                        "type": "Link",
                        "linkType": "User",
                        "id": "3lypMkmZdY6ZUbBTZMoXkS"
                    }
                }
            },
            "displayField": "title",
            "name": "Layout > Highlighted Course",
            "description": "A curated selection of highlighted courses.",
            "fields": [
                {
                    "id": "title",
                    "name": "Title",
                    "type": "Symbol",
                    "localized": false,
                    "required": true,
                    "validations": [
                        {
                            "regexp": {
                                "pattern": ".+>.+",
                                "flags": null
                            },
                            "message": "Use the title format \"Topic name > keyword description\"."
                        }
                    ],
                    "disabled": false,
                    "omitted": false
                },
                {
                    "id": "course",
                    "name": "Course",
                    "type": "Link",
                    "localized": false,
                    "required": true,
                    "validations": [
                        {
                            "linkContentType": [
                                "course"
                            ]
                        }
                    ],
                    "disabled": false,
                    "omitted": false,
                    "linkType": "Entry"
                }
            ]
        },
        {
            "sys": {
                "space": {
                    "sys": {
                        "type": "Link",
                        "linkType": "Space",
                        "id": "f4765t1go9nr"
                    }
                },
                "id": "lessonImage",
                "type": "ContentType",
                "createdAt": "2021-04-20T07:53:11.568Z",
                "updatedAt": "2021-04-20T07:53:18.401Z",
                "environment": {
                    "sys": {
                        "id": "master",
                        "type": "Link",
                        "linkType": "Environment"
                    }
                },
                "publishedVersion": 1,
                "publishedAt": "2021-04-20T07:53:18.401Z",
                "firstPublishedAt": "2021-04-20T07:53:18.401Z",
                "createdBy": {
                    "sys": {
                        "type": "Link",
                        "linkType": "User",
                        "id": "3lypMkmZdY6ZUbBTZMoXkS"
                    }
                },
                "updatedBy": {
                    "sys": {
                        "type": "Link",
                        "linkType": "User",
                        "id": "3lypMkmZdY6ZUbBTZMoXkS"
                    }
                },
                "publishedCounter": 1,
                "version": 2,
                "publishedBy": {
                    "sys": {
                        "type": "Link",
                        "linkType": "User",
                        "id": "3lypMkmZdY6ZUbBTZMoXkS"
                    }
                }
            },
            "displayField": "title",
            "name": "Lesson > Image",
            "description": "An image to be used as a module in a lesson.",
            "fields": [
                {
                    "id": "title",
                    "name": "Title",
                    "type": "Symbol",
                    "localized": false,
                    "required": true,
                    "validations": [
                        {
                            "regexp": {
                                "pattern": ".+>.+",
                                "flags": null
                            },
                            "message": "For module titles, please use the form parent > description as this title is internal only and helps to identify the module."
                        }
                    ],
                    "disabled": false,
                    "omitted": false
                },
                {
                    "id": "image",
                    "name": "Image",
                    "type": "Link",
                    "localized": false,
                    "required": true,
                    "validations": [],
                    "disabled": false,
                    "omitted": false,
                    "linkType": "Asset"
                },
                {
                    "id": "caption",
                    "name": "Caption",
                    "type": "Symbol",
                    "localized": true,
                    "required": false,
                    "validations": [],
                    "disabled": false,
                    "omitted": false
                }
            ]
        },
        {
            "sys": {
                "space": {
                    "sys": {
                        "type": "Link",
                        "linkType": "Space",
                        "id": "f4765t1go9nr"
                    }
                },
                "id": "layoutCopy",
                "type": "ContentType",
                "createdAt": "2021-04-20T07:53:09.700Z",
                "updatedAt": "2021-04-20T07:53:17.531Z",
                "environment": {
                    "sys": {
                        "id": "master",
                        "type": "Link",
                        "linkType": "Environment"
                    }
                },
                "publishedVersion": 1,
                "publishedAt": "2021-04-20T07:53:17.531Z",
                "firstPublishedAt": "2021-04-20T07:53:17.531Z",
                "createdBy": {
                    "sys": {
                        "type": "Link",
                        "linkType": "User",
                        "id": "3lypMkmZdY6ZUbBTZMoXkS"
                    }
                },
                "updatedBy": {
                    "sys": {
                        "type": "Link",
                        "linkType": "User",
                        "id": "3lypMkmZdY6ZUbBTZMoXkS"
                    }
                },
                "publishedCounter": 1,
                "version": 2,
                "publishedBy": {
                    "sys": {
                        "type": "Link",
                        "linkType": "User",
                        "id": "3lypMkmZdY6ZUbBTZMoXkS"
                    }
                }
            },
            "displayField": "title",
            "name": "Layout > Copy",
            "description": "A block of text with a headline and a call to action to be shown on the landing page.",
            "fields": [
                {
                    "id": "title",
                    "name": "Title",
                    "type": "Symbol",
                    "localized": false,
                    "required": true,
                    "validations": [
                        {
                            "regexp": {
                                "pattern": ".+>.+",
                                "flags": null
                            },
                            "message": "Use the title format \"Topic name > keyword description\"."
                        }
                    ],
                    "disabled": false,
                    "omitted": false
                },
                {
                    "id": "headline",
                    "name": "Headline",
                    "type": "Symbol",
                    "localized": true,
                    "required": false,
                    "validations": [],
                    "disabled": false,
                    "omitted": false
                },
                {
                    "id": "copy",
                    "name": "Copy",
                    "type": "Text",
                    "localized": true,
                    "required": false,
                    "validations": [],
                    "disabled": false,
                    "omitted": false
                },
                {
                    "id": "ctaTitle",
                    "name": "CTA Title",
                    "type": "Symbol",
                    "localized": true,
                    "required": false,
                    "validations": [
                        {
                            "size": {
                                "min": 3,
                                "max": 25
                            }
                        }
                    ],
                    "disabled": false,
                    "omitted": false
                },
                {
                    "id": "ctaLink",
                    "name": "CTA Link",
                    "type": "Symbol",
                    "localized": false,
                    "required": false,
                    "validations": [
                        {
                            "regexp": {
                                "pattern": "^(ftp|http|https):\/\/(\\w+:{0,1}\\w*@)?(\\S+)(:[0-9]+)?(\/|\/([\\w#!:.?+=&%@!\\-\/]))?$"
                            }
                        }
                    ],
                    "disabled": false,
                    "omitted": false
                },
                {
                    "id": "visualStyle",
                    "name": "Visual Style",
                    "type": "Symbol",
                    "localized": false,
                    "required": false,
                    "validations": [
                        {
                            "in": [
                                "Default",
                                "Emphasized"
                            ]
                        }
                    ],
                    "disabled": false,
                    "omitted": false
                }
            ]
        },
        {
            "sys": {
                "space": {
                    "sys": {
                        "type": "Link",
                        "linkType": "Space",
                        "id": "f4765t1go9nr"
                    }
                },
                "id": "category",
                "type": "ContentType",
                "createdAt": "2021-04-20T07:53:09.617Z",
                "updatedAt": "2021-04-20T07:53:17.505Z",
                "environment": {
                    "sys": {
                        "id": "master",
                        "type": "Link",
                        "linkType": "Environment"
                    }
                },
                "publishedVersion": 1,
                "publishedAt": "2021-04-20T07:53:17.505Z",
                "firstPublishedAt": "2021-04-20T07:53:17.505Z",
                "createdBy": {
                    "sys": {
                        "type": "Link",
                        "linkType": "User",
                        "id": "3lypMkmZdY6ZUbBTZMoXkS"
                    }
                },
                "updatedBy": {
                    "sys": {
                        "type": "Link",
                        "linkType": "User",
                        "id": "3lypMkmZdY6ZUbBTZMoXkS"
                    }
                },
                "publishedCounter": 1,
                "version": 2,
                "publishedBy": {
                    "sys": {
                        "type": "Link",
                        "linkType": "User",
                        "id": "3lypMkmZdY6ZUbBTZMoXkS"
                    }
                }
            },
            "displayField": "title",
            "name": "Category",
            "description": "Categories can be applied to Courses and Lessons. Assigning Multiple categories is also possible.",
            "fields": [
                {
                    "id": "title",
                    "name": "Title",
                    "type": "Symbol",
                    "localized": true,
                    "required": true,
                    "validations": [],
                    "disabled": false,
                    "omitted": false
                },
                {
                    "id": "slug",
                    "name": "Slug",
                    "type": "Symbol",
                    "localized": false,
                    "required": true,
                    "validations": [
                        {
                            "unique": true
                        }
                    ],
                    "disabled": false,
                    "omitted": false
                }
            ]
        },
        {
            "sys": {
                "space": {
                    "sys": {
                        "type": "Link",
                        "linkType": "Space",
                        "id": "f4765t1go9nr"
                    }
                },
                "id": "lesson",
                "type": "ContentType",
                "createdAt": "2021-04-20T07:53:09.594Z",
                "updatedAt": "2021-04-20T07:53:17.498Z",
                "environment": {
                    "sys": {
                        "id": "master",
                        "type": "Link",
                        "linkType": "Environment"
                    }
                },
                "publishedVersion": 1,
                "publishedAt": "2021-04-20T07:53:17.498Z",
                "firstPublishedAt": "2021-04-20T07:53:17.498Z",
                "createdBy": {
                    "sys": {
                        "type": "Link",
                        "linkType": "User",
                        "id": "3lypMkmZdY6ZUbBTZMoXkS"
                    }
                },
                "updatedBy": {
                    "sys": {
                        "type": "Link",
                        "linkType": "User",
                        "id": "3lypMkmZdY6ZUbBTZMoXkS"
                    }
                },
                "publishedCounter": 1,
                "version": 2,
                "publishedBy": {
                    "sys": {
                        "type": "Link",
                        "linkType": "User",
                        "id": "3lypMkmZdY6ZUbBTZMoXkS"
                    }
                }
            },
            "displayField": "title",
            "name": "Lesson",
            "description": "A educational lesson, representing one section of a course.",
            "fields": [
                {
                    "id": "title",
                    "name": "Title",
                    "type": "Symbol",
                    "localized": true,
                    "required": true,
                    "validations": [],
                    "disabled": false,
                    "omitted": false
                },
                {
                    "id": "slug",
                    "name": "Slug",
                    "type": "Symbol",
                    "localized": false,
                    "required": true,
                    "validations": [
                        {
                            "unique": true
                        }
                    ],
                    "disabled": false,
                    "omitted": false
                },
                {
                    "id": "modules",
                    "name": "Modules",
                    "type": "Array",
                    "localized": false,
                    "required": true,
                    "validations": [],
                    "disabled": false,
                    "omitted": false,
                    "items": {
                        "type": "Link",
                        "validations": [
                            {
                                "linkContentType": [
                                    "lessonCodeSnippets",
                                    "lessonCopy",
                                    "lessonImage"
                                ]
                            }
                        ],
                        "linkType": "Entry"
                    }
                }
            ]
        },
        {
            "sys": {
                "space": {
                    "sys": {
                        "type": "Link",
                        "linkType": "Space",
                        "id": "f4765t1go9nr"
                    }
                },
                "id": "layoutHeroImage",
                "type": "ContentType",
                "createdAt": "2021-04-20T07:53:09.586Z",
                "updatedAt": "2021-04-20T07:53:17.467Z",
                "environment": {
                    "sys": {
                        "id": "master",
                        "type": "Link",
                        "linkType": "Environment"
                    }
                },
                "publishedVersion": 1,
                "publishedAt": "2021-04-20T07:53:17.467Z",
                "firstPublishedAt": "2021-04-20T07:53:17.467Z",
                "createdBy": {
                    "sys": {
                        "type": "Link",
                        "linkType": "User",
                        "id": "3lypMkmZdY6ZUbBTZMoXkS"
                    }
                },
                "updatedBy": {
                    "sys": {
                        "type": "Link",
                        "linkType": "User",
                        "id": "3lypMkmZdY6ZUbBTZMoXkS"
                    }
                },
                "publishedCounter": 1,
                "version": 2,
                "publishedBy": {
                    "sys": {
                        "type": "Link",
                        "linkType": "User",
                        "id": "3lypMkmZdY6ZUbBTZMoXkS"
                    }
                }
            },
            "displayField": "title",
            "name": "Layout > Hero Image",
            "description": "A hero image and header text.",
            "fields": [
                {
                    "id": "title",
                    "name": "Title",
                    "type": "Symbol",
                    "localized": false,
                    "required": true,
                    "validations": [
                        {
                            "regexp": {
                                "pattern": ".+>.+",
                                "flags": null
                            },
                            "message": "Use the title format \"Topic name > keyword description\"."
                        }
                    ],
                    "disabled": false,
                    "omitted": false
                },
                {
                    "id": "headline",
                    "name": "Headline",
                    "type": "Symbol",
                    "localized": true,
                    "required": false,
                    "validations": [],
                    "disabled": false,
                    "omitted": false
                },
                {
                    "id": "backgroundImage",
                    "name": "Background Image",
                    "type": "Link",
                    "localized": false,
                    "required": false,
                    "validations": [],
                    "disabled": false,
                    "omitted": false,
                    "linkType": "Asset"
                }
            ]
        },
        {
            "sys": {
                "space": {
                    "sys": {
                        "type": "Link",
                        "linkType": "Space",
                        "id": "f4765t1go9nr"
                    }
                },
                "id": "lessonCodeSnippets",
                "type": "ContentType",
                "createdAt": "2021-04-20T07:53:09.606Z",
                "updatedAt": "2021-04-20T07:53:17.322Z",
                "environment": {
                    "sys": {
                        "id": "master",
                        "type": "Link",
                        "linkType": "Environment"
                    }
                },
                "publishedVersion": 1,
                "publishedAt": "2021-04-20T07:53:17.322Z",
                "firstPublishedAt": "2021-04-20T07:53:17.322Z",
                "createdBy": {
                    "sys": {
                        "type": "Link",
                        "linkType": "User",
                        "id": "3lypMkmZdY6ZUbBTZMoXkS"
                    }
                },
                "updatedBy": {
                    "sys": {
                        "type": "Link",
                        "linkType": "User",
                        "id": "3lypMkmZdY6ZUbBTZMoXkS"
                    }
                },
                "publishedCounter": 1,
                "version": 2,
                "publishedBy": {
                    "sys": {
                        "type": "Link",
                        "linkType": "User",
                        "id": "3lypMkmZdY6ZUbBTZMoXkS"
                    }
                }
            },
            "displayField": "title",
            "name": "Lesson > Code Snippets",
            "description": "A code snippet module supporting all platforms to be used in a lesson.",
            "fields": [
                {
                    "id": "title",
                    "name": "Title",
                    "type": "Symbol",
                    "localized": false,
                    "required": true,
                    "validations": [
                        {
                            "regexp": {
                                "pattern": ".+>.+",
                                "flags": null
                            },
                            "message": "Use the title format \"Topic name > keyword description\"."
                        }
                    ],
                    "disabled": false,
                    "omitted": false
                },
                {
                    "id": "curl",
                    "name": "cURL",
                    "type": "Text",
                    "localized": false,
                    "required": false,
                    "validations": [],
                    "disabled": false,
                    "omitted": false
                },
                {
                    "id": "dotNet",
                    "name": "DotNet",
                    "type": "Text",
                    "localized": false,
                    "required": false,
                    "validations": [],
                    "disabled": false,
                    "omitted": false
                },
                {
                    "id": "javascript",
                    "name": "Javascript",
                    "type": "Text",
                    "localized": false,
                    "required": false,
                    "validations": [],
                    "disabled": false,
                    "omitted": false
                },
                {
                    "id": "java",
                    "name": "Java",
                    "type": "Text",
                    "localized": false,
                    "required": false,
                    "validations": [],
                    "disabled": false,
                    "omitted": false
                },
                {
                    "id": "javaAndroid",
                    "name": "Java-android",
                    "type": "Text",
                    "localized": false,
                    "required": false,
                    "validations": [],
                    "disabled": false,
                    "omitted": false
                },
                {
                    "id": "php",
                    "name": "Php",
                    "type": "Text",
                    "localized": false,
                    "required": false,
                    "validations": [],
                    "disabled": false,
                    "omitted": false
                },
                {
                    "id": "python",
                    "name": "Python",
                    "type": "Text",
                    "localized": false,
                    "required": false,
                    "validations": [],
                    "disabled": false,
                    "omitted": false
                },
                {
                    "id": "ruby",
                    "name": "Ruby",
                    "type": "Text",
                    "localized": false,
                    "required": false,
                    "validations": [],
                    "disabled": false,
                    "omitted": false
                },
                {
                    "id": "swift",
                    "name": "Swift",
                    "type": "Text",
                    "localized": false,
                    "required": false,
                    "validations": [],
                    "disabled": false,
                    "omitted": false
                }
            ]
        },
        {
            "sys": {
                "space": {
                    "sys": {
                        "type": "Link",
                        "linkType": "Space",
                        "id": "f4765t1go9nr"
                    }
                },
                "id": "course",
                "type": "ContentType",
                "createdAt": "2021-04-20T07:53:09.899Z",
                "updatedAt": "2021-04-20T07:53:17.223Z",
                "environment": {
                    "sys": {
                        "id": "master",
                        "type": "Link",
                        "linkType": "Environment"
                    }
                },
                "publishedVersion": 1,
                "publishedAt": "2021-04-20T07:53:17.223Z",
                "firstPublishedAt": "2021-04-20T07:53:17.223Z",
                "createdBy": {
                    "sys": {
                        "type": "Link",
                        "linkType": "User",
                        "id": "3lypMkmZdY6ZUbBTZMoXkS"
                    }
                },
                "updatedBy": {
                    "sys": {
                        "type": "Link",
                        "linkType": "User",
                        "id": "3lypMkmZdY6ZUbBTZMoXkS"
                    }
                },
                "publishedCounter": 1,
                "version": 2,
                "publishedBy": {
                    "sys": {
                        "type": "Link",
                        "linkType": "User",
                        "id": "3lypMkmZdY6ZUbBTZMoXkS"
                    }
                }
            },
            "displayField": "title",
            "name": "Course",
            "description": "A series of lessons designed to teach sets of concepts that enable students to master Contentful.",
            "fields": [
                {
                    "id": "title",
                    "name": "Title",
                    "type": "Symbol",
                    "localized": true,
                    "required": true,
                    "validations": [],
                    "disabled": false,
                    "omitted": false
                },
                {
                    "id": "slug",
                    "name": "Slug",
                    "type": "Symbol",
                    "localized": false,
                    "required": true,
                    "validations": [],
                    "disabled": false,
                    "omitted": false
                },
                {
                    "id": "image",
                    "name": "Image",
                    "type": "Link",
                    "localized": false,
                    "required": true,
                    "validations": [],
                    "disabled": false,
                    "omitted": false,
                    "linkType": "Asset"
                },
                {
                    "id": "shortDescription",
                    "name": "Short Description",
                    "type": "Symbol",
                    "localized": true,
                    "required": true,
                    "validations": [],
                    "disabled": false,
                    "omitted": false
                },
                {
                    "id": "description",
                    "name": "Description",
                    "type": "Text",
                    "localized": true,
                    "required": true,
                    "validations": [],
                    "disabled": false,
                    "omitted": false
                },
                {
                    "id": "duration",
                    "name": "Duration",
                    "type": "Integer",
                    "localized": false,
                    "required": false,
                    "validations": [],
                    "disabled": false,
                    "omitted": false
                },
                {
                    "id": "skillLevel",
                    "name": "Skill Level",
                    "type": "Symbol",
                    "localized": false,
                    "required": true,
                    "validations": [
                        {
                            "in": [
                                "beginner",
                                "intermediate",
                                "advanced"
                            ]
                        }
                    ],
                    "disabled": false,
                    "omitted": false
                },
                {
                    "id": "lessons",
                    "name": "Lessons",
                    "type": "Array",
                    "localized": false,
                    "required": true,
                    "validations": [],
                    "disabled": false,
                    "omitted": false,
                    "items": {
                        "type": "Link",
                        "validations": [
                            {
                                "linkContentType": [
                                    "lesson"
                                ]
                            }
                        ],
                        "linkType": "Entry"
                    }
                },
                {
                    "id": "categories",
                    "name": "Categories",
                    "type": "Array",
                    "localized": false,
                    "required": true,
                    "validations": [],
                    "disabled": false,
                    "omitted": false,
                    "items": {
                        "type": "Link",
                        "validations": [
                            {
                                "linkContentType": [
                                    "category"
                                ]
                            }
                        ],
                        "linkType": "Entry"
                    }
                }
            ]
        }
    ]
}